file,line,type,commit,author,date,time,timezone,datetime,depth,length
static\style.css,1,css,0fe257d,Jhonny,2025-03-20,12:45:09,-03:00,2025-03-20T12:45:09-03:00,0,6
static\style.css,2,css,0fe257d,Jhonny,2025-03-20,12:45:09,-03:00,2025-03-20T12:45:09-03:00,0,32
static\style.css,3,css,f5d6575e,Jhonny,2025-03-27,12:19:59,-03:00,2025-03-27T12:19:59-03:00,0,32
static\style.css,4,css,f5d6575e,Jhonny,2025-03-27,12:19:59,-03:00,2025-03-27T12:19:59-03:00,1,33
static\style.css,5,css,f5d6575e,Jhonny,2025-03-27,12:19:59,-03:00,2025-03-27T12:19:59-03:00,1,48
static\style.css,6,css,0fe257d,Jhonny,2025-03-20,12:45:09,-03:00,2025-03-20T12:45:09-03:00,0,0
static\style.css,7,css,0fe257d,Jhonny,2025-03-20,12:45:09,-03:00,2025-03-20T12:45:09-03:00,0,0
static\style.css,8,css,f5d6575e,Jhonny,2025-03-27,12:19:59,-03:00,2025-03-27T12:19:59-03:00,0,4
static\style.css,9,css,f5d6575e,Jhonny,2025-03-27,12:19:59,-03:00,2025-03-27T12:19:59-03:00,1,24
static\style.css,10,css,f5d6575e,Jhonny,2025-03-27,12:19:59,-03:00,2025-03-27T12:19:59-03:00,0,0
static\style.css,11,css,f5d6575e,Jhonny,2025-03-27,12:19:59,-03:00,2025-03-27T12:19:59-03:00,0,5
static\style.css,12,css,f5d6575e,Jhonny,2025-03-27,12:19:59,-03:00,2025-03-27T12:19:59-03:00,0,41
static\style.css,13,css,f5d6575e,Jhonny,2025-03-27,12:19:59,-03:00,2025-03-27T12:19:59-03:00,0,29
static\style.css,14,css,f5d6575e,Jhonny,2025-03-27,12:19:59,-03:00,2025-03-27T12:19:59-03:00,0,32
static\style.css,15,css,f5d6575e,Jhonny,2025-03-27,12:19:59,-03:00,2025-03-27T12:19:59-03:00,1,25
static\style.css,16,css,f5d6575e,Jhonny,2025-03-27,12:19:59,-03:00,2025-03-27T12:19:59-03:00,0,0
static\style.css,17,css,f5d6575e,Jhonny,2025-03-27,12:19:59,-03:00,2025-03-27T12:19:59-03:00,0,0
static\style.css,18,css,f5d6575e,Jhonny,2025-03-27,12:19:59,-03:00,2025-03-27T12:19:59-03:00,0,6
static\style.css,19,css,f5d6575e,Jhonny,2025-03-27,12:19:59,-03:00,2025-03-27T12:19:59-03:00,0,7
static\style.css,20,css,f5d6575e,Jhonny,2025-03-27,12:19:59,-03:00,2025-03-27T12:19:59-03:00,1,32
static\style.css,21,css,0fe257d,Jhonny,2025-03-20,12:45:09,-03:00,2025-03-20T12:45:09-03:00,0,0
static\style.css,22,css,0fe257d,Jhonny,2025-03-20,12:45:09,-03:00,2025-03-20T12:45:09-03:00,0,0
static\style.css,23,css,0fe257d,Jhonny,2025-03-20,12:45:09,-03:00,2025-03-20T12:45:09-03:00,0,4
static\style.css,24,css,f5d6575e,Jhonny,2025-03-27,12:19:59,-03:00,2025-03-27T12:19:59-03:00,1,40
static\style.css,25,css,f5d6575e,Jhonny,2025-03-27,12:19:59,-03:00,2025-03-27T12:19:59-03:00,1,0
static\style.css,26,css,f5d6575e,Jhonny,2025-03-27,12:19:59,-03:00,2025-03-27T12:19:59-03:00,1,33
static\style.css,27,css,f5d6575e,Jhonny,2025-03-27,12:19:59,-03:00,2025-03-27T12:19:59-03:00,1,38
static\style.css,28,css,f5d6575e,Jhonny,2025-03-27,12:19:59,-03:00,2025-03-27T12:19:59-03:00,1,43
static\style.css,29,css,f5d6575e,Jhonny,2025-03-27,12:19:59,-03:00,2025-03-27T12:19:59-03:00,1,45
static\style.css,30,css,f5d6575e,Jhonny,2025-03-27,12:19:59,-03:00,2025-03-27T12:19:59-03:00,1,0
static\style.css,31,css,f5d6575e,Jhonny,2025-03-27,12:19:59,-03:00,2025-03-27T12:19:59-03:00,1,40
static\style.css,32,css,0fe257d,Jhonny,2025-03-20,12:45:09,-03:00,2025-03-20T12:45:09-03:00,0,0
static\style.css,33,css,0fe257d,Jhonny,2025-03-20,12:45:09,-03:00,2025-03-20T12:45:09-03:00,0,0
static\style.css,34,css,0fe257d,Jhonny,2025-03-20,12:45:09,-03:00,2025-03-20T12:45:09-03:00,0,6
static\style.css,35,css,f5d6575e,Jhonny,2025-03-27,12:19:59,-03:00,2025-03-27T12:19:59-03:00,1,26
static\style.css,36,css,f5d6575e,Jhonny,2025-03-27,12:19:59,-03:00,2025-03-27T12:19:59-03:00,1,40
static\style.css,37,css,f5d6575e,Jhonny,2025-03-27,12:19:59,-03:00,2025-03-27T12:19:59-03:00,1,34
static\style.css,38,css,f5d6575e,Jhonny,2025-03-27,12:19:59,-03:00,2025-03-27T12:19:59-03:00,1,38
static\style.css,39,css,f5d6575e,Jhonny,2025-03-27,12:19:59,-03:00,2025-03-27T12:19:59-03:00,1,34
static\style.css,40,css,0fe257d,Jhonny,2025-03-20,12:45:09,-03:00,2025-03-20T12:45:09-03:00,0,0
static\style.css,41,css,0fe257d,Jhonny,2025-03-20,12:45:09,-03:00,2025-03-20T12:45:09-03:00,0,0
static\style.css,42,css,f5d6575e,Jhonny,2025-03-27,12:19:59,-03:00,2025-03-27T12:19:59-03:00,0,14
static\style.css,43,css,f5d6575e,Jhonny,2025-03-27,12:19:59,-03:00,2025-03-27T12:19:59-03:00,1,43
static\style.css,44,css,f5d6575e,Jhonny,2025-03-27,12:19:59,-03:00,2025-03-27T12:19:59-03:00,1,43
static\style.css,45,css,f5d6575e,Jhonny,2025-03-27,12:19:59,-03:00,2025-03-27T12:19:59-03:00,1,40
static\style.css,46,css,f5d6575e,Jhonny,2025-03-27,12:19:59,-03:00,2025-03-27T12:19:59-03:00,1,38
static\style.css,47,css,f5d6575e,Jhonny,2025-03-27,12:19:59,-03:00,2025-03-27T12:19:59-03:00,1,35
static\style.css,48,css,0fe257d,Jhonny,2025-03-20,12:45:09,-03:00,2025-03-20T12:45:09-03:00,0,0
static\style.css,49,css,f5d6575e,Jhonny,2025-03-27,12:19:59,-03:00,2025-03-27T12:19:59-03:00,0,0
static\style.css,50,css,f5d6575e,Jhonny,2025-03-27,12:19:59,-03:00,2025-03-27T12:19:59-03:00,0,12
static\style.css,51,css,f5d6575e,Jhonny,2025-03-27,12:19:59,-03:00,2025-03-27T12:19:59-03:00,1,49
static\style.css,52,css,f5d6575e,Jhonny,2025-03-27,12:19:59,-03:00,2025-03-27T12:19:59-03:00,1,49
static\style.css,53,css,f5d6575e,Jhonny,2025-03-27,12:19:59,-03:00,2025-03-27T12:19:59-03:00,1,63
static\style.css,54,css,f5d6575e,Jhonny,2025-03-27,12:19:59,-03:00,2025-03-27T12:19:59-03:00,1,44
static\style.css,55,css,f5d6575e,Jhonny,2025-03-27,12:19:59,-03:00,2025-03-27T12:19:59-03:00,1,70
static\style.css,56,css,0fe257d,Jhonny,2025-03-20,12:45:09,-03:00,2025-03-20T12:45:09-03:00,0,0
static\style.css,57,css,f5d6575e,Jhonny,2025-03-27,12:19:59,-03:00,2025-03-27T12:19:59-03:00,0,0
static\style.css,58,css,f5d6575e,Jhonny,2025-03-27,12:19:59,-03:00,2025-03-27T12:19:59-03:00,0,13
static\style.css,59,css,f5d6575e,Jhonny,2025-03-27,12:19:59,-03:00,2025-03-27T12:19:59-03:00,1,17
static\style.css,60,css,f5d6575e,Jhonny,2025-03-27,12:19:59,-03:00,2025-03-27T12:19:59-03:00,1,9
static\style.css,61,css,f5d6575e,Jhonny,2025-03-27,12:19:59,-03:00,2025-03-27T12:19:59-03:00,1,11
static\style.css,62,css,f5d6575e,Jhonny,2025-03-27,12:19:59,-03:00,2025-03-27T12:19:59-03:00,1,20
static\style.css,63,css,f5d6575e,Jhonny,2025-03-27,12:19:59,-03:00,2025-03-27T12:19:59-03:00,1,8
static\style.css,64,css,f5d6575e,Jhonny,2025-03-27,12:19:59,-03:00,2025-03-27T12:19:59-03:00,0,0
static\style.css,65,css,f5d6575e,Jhonny,2025-03-27,12:19:59,-03:00,2025-03-27T12:19:59-03:00,0,0
static\style.css,66,css,f5d6575e,Jhonny,2025-03-27,12:19:59,-03:00,2025-03-27T12:19:59-03:00,0,22
static\style.css,67,css,f5d6575e,Jhonny,2025-03-27,12:19:59,-03:00,2025-03-27T12:19:59-03:00,0,48
static\style.css,68,css,0fe257d,Jhonny,2025-03-20,12:45:09,-03:00,2025-03-20T12:45:09-03:00,0,0
static\style.css,69,css,0fe257d,Jhonny,2025-03-20,12:45:09,-03:00,2025-03-20T12:45:09-03:00,0,0
static\style.css,70,css,f5d6575e,Jhonny,2025-03-27,12:19:59,-03:00,2025-03-27T12:19:59-03:00,0,20
static\style.css,71,css,f5d6575e,Jhonny,2025-03-27,12:19:59,-03:00,2025-03-27T12:19:59-03:00,0,34
static\style.css,72,css,f5d6575e,Jhonny,2025-03-27,12:19:59,-03:00,2025-03-27T12:19:59-03:00,0,14
static\style.css,73,css,f5d6575e,Jhonny,2025-03-27,12:19:59,-03:00,2025-03-27T12:19:59-03:00,0,0
static\style.css,74,css,f5d6575e,Jhonny,2025-03-27,12:19:59,-03:00,2025-03-27T12:19:59-03:00,0,24
static\style.css,75,css,0fe257d,Jhonny,2025-03-20,12:45:09,-03:00,2025-03-20T12:45:09-03:00,0,11
static\style.css,76,css,f5d6575e,Jhonny,2025-03-27,12:19:59,-03:00,2025-03-27T12:19:59-03:00,1,22
static\style.css,77,css,0fe257d,Jhonny,2025-03-20,12:45:09,-03:00,2025-03-20T12:45:09-03:00,0,0
static\style.css,78,css,f5d6575e,Jhonny,2025-03-27,12:19:59,-03:00,2025-03-27T12:19:59-03:00,0,6
static\style.css,79,css,f5d6575e,Jhonny,2025-03-27,12:19:59,-03:00,2025-03-27T12:19:59-03:00,0,18
static\style.css,80,css,f5d6575e,Jhonny,2025-03-27,12:19:59,-03:00,2025-03-27T12:19:59-03:00,0,3
static\style.css,81,css,f5d6575e,Jhonny,2025-03-27,12:19:59,-03:00,2025-03-27T12:19:59-03:00,0,12
static\style.css,82,css,0fe257d,Jhonny,2025-03-20,12:45:09,-03:00,2025-03-20T12:45:09-03:00,0,0
static\style.css,83,css,f5d6575e,Jhonny,2025-03-27,12:19:59,-03:00,2025-03-27T12:19:59-03:00,0,5
static\style.css,84,css,f5d6575e,Jhonny,2025-03-27,12:19:59,-03:00,2025-03-27T12:19:59-03:00,1,33
static\style.css,85,css,f5d6575e,Jhonny,2025-03-27,12:19:59,-03:00,2025-03-27T12:19:59-03:00,1,53
static\style.css,86,css,f5d6575e,Jhonny,2025-03-27,12:19:59,-03:00,2025-03-27T12:19:59-03:00,1,28
static\style.css,87,css,f5d6575e,Jhonny,2025-03-27,12:19:59,-03:00,2025-03-27T12:19:59-03:00,0,0
static\style.css,88,css,f5d6575e,Jhonny,2025-03-27,12:19:59,-03:00,2025-03-27T12:19:59-03:00,0,11
static\style.css,89,css,f5d6575e,Jhonny,2025-03-27,12:19:59,-03:00,2025-03-27T12:19:59-03:00,1,32
static\style.css,90,css,f5d6575e,Jhonny,2025-03-27,12:19:59,-03:00,2025-03-27T12:19:59-03:00,1,49
static\style.css,91,css,f5d6575e,Jhonny,2025-03-27,12:19:59,-03:00,2025-03-27T12:19:59-03:00,0,0
static\style.css,92,css,f5d6575e,Jhonny,2025-03-27,12:19:59,-03:00,2025-03-27T12:19:59-03:00,0,14
static\style.css,93,css,f5d6575e,Jhonny,2025-03-27,12:19:59,-03:00,2025-03-27T12:19:59-03:00,1,39
static\style.css,94,css,0fe257d,Jhonny,2025-03-20,12:45:09,-03:00,2025-03-20T12:45:09-03:00,0,0
static\style.css,95,css,0fe257d,Jhonny,2025-03-20,12:45:09,-03:00,2025-03-20T12:45:09-03:00,0,0
static\style.css,96,css,f5d6575e,Jhonny,2025-03-27,12:19:59,-03:00,2025-03-27T12:19:59-03:00,0,3
static\style.css,97,css,f5d6575e,Jhonny,2025-03-27,12:19:59,-03:00,2025-03-27T12:19:59-03:00,1,28
static\style.css,98,css,0fe257d,Jhonny,2025-03-20,12:45:09,-03:00,2025-03-20T12:45:09-03:00,0,0
static\style.css,99,css,0fe257d,Jhonny,2025-03-20,12:45:09,-03:00,2025-03-20T12:45:09-03:00,0,0
static\style.css,100,css,f5d6575e,Jhonny,2025-03-27,12:19:59,-03:00,2025-03-27T12:19:59-03:00,0,10
static\style.css,101,css,f5d6575e,Jhonny,2025-03-27,12:19:59,-03:00,2025-03-27T12:19:59-03:00,1,25
static\style.css,102,css,f5d6575e,Jhonny,2025-03-27,12:19:59,-03:00,2025-03-27T12:19:59-03:00,1,72
static\style.css,103,css,f5d6575e,Jhonny,2025-03-27,12:19:59,-03:00,2025-03-27T12:19:59-03:00,1,28
static\style.css,104,css,f5d6575e,Jhonny,2025-03-27,12:19:59,-03:00,2025-03-27T12:19:59-03:00,1,27
static\style.css,105,css,f5d6575e,Jhonny,2025-03-27,12:19:59,-03:00,2025-03-27T12:19:59-03:00,0,0
static\style.css,106,css,f5d6575e,Jhonny,2025-03-27,12:19:59,-03:00,2025-03-27T12:19:59-03:00,0,0
static\style.css,107,css,f5d6575e,Jhonny,2025-03-27,12:19:59,-03:00,2025-03-27T12:19:59-03:00,0,7
static\style.css,108,css,f5d6575e,Jhonny,2025-03-27,12:19:59,-03:00,2025-03-27T12:19:59-03:00,1,25
static\style.css,109,css,f5d6575e,Jhonny,2025-03-27,12:19:59,-03:00,2025-03-27T12:19:59-03:00,1,26
static\style.css,110,css,f5d6575e,Jhonny,2025-03-27,12:19:59,-03:00,2025-03-27T12:19:59-03:00,1,40
static\style.css,111,css,f5d6575e,Jhonny,2025-03-27,12:19:59,-03:00,2025-03-27T12:19:59-03:00,1,29
static\style.css,112,css,f5d6575e,Jhonny,2025-03-27,12:19:59,-03:00,2025-03-27T12:19:59-03:00,0,0
static\style.css,113,css,f5d6575e,Jhonny,2025-03-27,12:19:59,-03:00,2025-03-27T12:19:59-03:00,0,0
static\style.css,114,css,f5d6575e,Jhonny,2025-03-27,12:19:59,-03:00,2025-03-27T12:19:59-03:00,0,10
static\style.css,115,css,f5d6575e,Jhonny,2025-03-27,12:19:59,-03:00,2025-03-27T12:19:59-03:00,1,22
static\style.css,116,css,f5d6575e,Jhonny,2025-03-27,12:19:59,-03:00,2025-03-27T12:19:59-03:00,0,0
static\style.css,117,css,f5d6575e,Jhonny,2025-03-27,12:19:59,-03:00,2025-03-27T12:19:59-03:00,0,0
static\style.css,118,css,f5d6575e,Jhonny,2025-03-27,12:19:59,-03:00,2025-03-27T12:19:59-03:00,0,3
static\style.css,119,css,f5d6575e,Jhonny,2025-03-27,12:19:59,-03:00,2025-03-27T12:19:59-03:00,1,28
static\style.css,120,css,f5d6575e,Jhonny,2025-03-27,12:19:59,-03:00,2025-03-27T12:19:59-03:00,0,0
static\style.css,121,css,f5d6575e,Jhonny,2025-03-27,12:19:59,-03:00,2025-03-27T12:19:59-03:00,0,22
static\style.css,122,css,f5d6575e,Jhonny,2025-03-27,12:19:59,-03:00,2025-03-27T12:19:59-03:00,1,29
static\style.css,123,css,f5d6575e,Jhonny,2025-03-27,12:19:59,-03:00,2025-03-27T12:19:59-03:00,1,31
static\style.css,124,css,f5d6575e,Jhonny,2025-03-27,12:19:59,-03:00,2025-03-27T12:19:59-03:00,0,0
static\style.css,125,css,f5d6575e,Jhonny,2025-03-27,12:19:59,-03:00,2025-03-27T12:19:59-03:00,0,0
static\style.css,126,css,f5d6575e,Jhonny,2025-03-27,12:19:59,-03:00,2025-03-27T12:19:59-03:00,0,7
static\style.css,127,css,f5d6575e,Jhonny,2025-03-27,12:19:59,-03:00,2025-03-27T12:19:59-03:00,1,29
static\style.css,128,css,f5d6575e,Jhonny,2025-03-27,12:19:59,-03:00,2025-03-27T12:19:59-03:00,1,53
static\style.css,129,css,f5d6575e,Jhonny,2025-03-27,12:19:59,-03:00,2025-03-27T12:19:59-03:00,1,31
static\style.css,130,css,0fe257d,Jhonny,2025-03-20,12:45:09,-03:00,2025-03-20T12:45:09-03:00,0,0
static\style.css,131,css,f5d6575e,Jhonny,2025-03-27,12:19:59,-03:00,2025-03-27T12:19:59-03:00,0,6
static\style.css,132,css,f5d6575e,Jhonny,2025-03-27,12:19:59,-03:00,2025-03-27T12:19:59-03:00,1,56
static\style.css,133,css,f5d6575e,Jhonny,2025-03-27,12:19:59,-03:00,2025-03-27T12:19:59-03:00,1,33
static\style.css,134,css,f5d6575e,Jhonny,2025-03-27,12:19:59,-03:00,2025-03-27T12:19:59-03:00,1,41
static\style.css,135,css,f5d6575e,Jhonny,2025-03-27,12:19:59,-03:00,2025-03-27T12:19:59-03:00,0,0
static\style.css,136,css,0fe257d,Jhonny,2025-03-20,12:45:09,-03:00,2025-03-20T12:45:09-03:00,0,0
static\style.css,137,css,f5d6575e,Jhonny,2025-03-27,12:19:59,-03:00,2025-03-27T12:19:59-03:00,0,2
static\style.css,138,css,f5d6575e,Jhonny,2025-03-27,12:19:59,-03:00,2025-03-27T12:19:59-03:00,0,13
static\style.css,139,css,f5d6575e,Jhonny,2025-03-27,12:19:59,-03:00,2025-03-27T12:19:59-03:00,0,27
static\style.css,140,css,f5d6575e,Jhonny,2025-03-27,12:19:59,-03:00,2025-03-27T12:19:59-03:00,0,0
static\style.css,141,css,f5d6575e,Jhonny,2025-03-27,12:19:59,-03:00,2025-03-27T12:19:59-03:00,0,2
static\style.css,142,css,f5d6575e,Jhonny,2025-03-27,12:19:59,-03:00,2025-03-27T12:19:59-03:00,0,11
static\style.css,143,css,f5d6575e,Jhonny,2025-03-27,12:19:59,-03:00,2025-03-27T12:19:59-03:00,0,20
static\style.css,144,css,f5d6575e,Jhonny,2025-03-27,12:19:59,-03:00,2025-03-27T12:19:59-03:00,0,17
static\style.css,145,css,f5d6575e,Jhonny,2025-03-27,12:19:59,-03:00,2025-03-27T12:19:59-03:00,0,25
static\style.css,146,css,f5d6575e,Jhonny,2025-03-27,12:19:59,-03:00,2025-03-27T12:19:59-03:00,0,25
static\style.css,147,css,f5d6575e,Jhonny,2025-03-27,12:19:59,-03:00,2025-03-27T12:19:59-03:00,0,0
static\style.css,148,css,f5d6575e,Jhonny,2025-03-27,12:19:59,-03:00,2025-03-27T12:19:59-03:00,0,2
static\style.css,149,css,f5d6575e,Jhonny,2025-03-27,12:19:59,-03:00,2025-03-27T12:19:59-03:00,0,20
static\style.css,150,css,f5d6575e,Jhonny,2025-03-27,12:19:59,-03:00,2025-03-27T12:19:59-03:00,0,17
static\style.css,151,css,f5d6575e,Jhonny,2025-03-27,12:19:59,-03:00,2025-03-27T12:19:59-03:00,0,0
static\style.css,152,css,f5d6575e,Jhonny,2025-03-27,12:19:59,-03:00,2025-03-27T12:19:59-03:00,0,7
static\style.css,153,css,f5d6575e,Jhonny,2025-03-27,12:19:59,-03:00,2025-03-27T12:19:59-03:00,0,19
static\style.css,154,css,f5d6575e,Jhonny,2025-03-27,12:19:59,-03:00,2025-03-27T12:19:59-03:00,0,18
static\style.css,155,css,f5d6575e,Jhonny,2025-03-27,12:19:59,-03:00,2025-03-27T12:19:59-03:00,1,31
static\style.css,156,css,f5d6575e,Jhonny,2025-03-27,12:19:59,-03:00,2025-03-27T12:19:59-03:00,0,17
static\style.css,157,css,f5d6575e,Jhonny,2025-03-27,12:19:59,-03:00,2025-03-27T12:19:59-03:00,0,18
static\style.css,158,css,f5d6575e,Jhonny,2025-03-27,12:19:59,-03:00,2025-03-27T12:19:59-03:00,0,0
static\global.js,1,js,0fe257d,Jhonny,2025-03-20,12:45:09,-03:00,2025-03-20T12:45:09-03:00,0,28
static\global.js,2,js,0fe257d,Jhonny,2025-03-20,12:45:09,-03:00,2025-03-20T12:45:09-03:00,0,0
static\global.js,3,js,0fe257d,Jhonny,2025-03-20,12:45:09,-03:00,2025-03-20T12:45:09-03:00,0,43
static\global.js,4,js,0fe257d,Jhonny,2025-03-20,12:45:09,-03:00,2025-03-20T12:45:09-03:00,0,53
static\global.js,5,js,0fe257d,Jhonny,2025-03-20,12:45:09,-03:00,2025-03-20T12:45:09-03:00,0,0
static\global.js,6,js,0fe257d,Jhonny,2025-03-20,12:45:09,-03:00,2025-03-20T12:45:09-03:00,0,0
static\global.js,7,js,0fe257d,Jhonny,2025-03-20,12:45:09,-03:00,2025-03-20T12:45:09-03:00,0,26
static\global.js,8,js,0fe257d,Jhonny,2025-03-20,12:45:09,-03:00,2025-03-20T12:45:09-03:00,0,0
static\global.js,9,js,0fe257d,Jhonny,2025-03-20,12:45:09,-03:00,2025-03-20T12:45:09-03:00,0,98
static\global.js,10,js,0fe257d,Jhonny,2025-03-20,12:45:09,-03:00,2025-03-20T12:45:09-03:00,0,0
static\global.js,11,js,0fe257d,Jhonny,2025-03-20,12:45:09,-03:00,2025-03-20T12:45:09-03:00,0,37
static\global.js,12,js,0fe257d,Jhonny,2025-03-20,12:45:09,-03:00,2025-03-20T12:45:09-03:00,0,1
static\global.js,13,js,f5d6575e,Jhonny,2025-03-27,12:19:59,-03:00,2025-03-27T12:19:59-03:00,0,74
static\global.js,14,js,f5d6575e,Jhonny,2025-03-27,12:19:59,-03:00,2025-03-27T12:19:59-03:00,0,0
static\global.js,15,js,f5d6575e,Jhonny,2025-03-27,12:19:59,-03:00,2025-03-27T12:19:59-03:00,0,15
static\global.js,16,js,f5d6575e,Jhonny,2025-03-27,12:19:59,-03:00,2025-03-27T12:19:59-03:00,0,33
static\global.js,17,js,f5d6575e,Jhonny,2025-03-27,12:19:59,-03:00,2025-03-27T12:19:59-03:00,0,43
static\global.js,18,js,f5d6575e,Jhonny,2025-03-27,12:19:59,-03:00,2025-03-27T12:19:59-03:00,0,41
static\global.js,19,js,f5d6575e,Jhonny,2025-03-27,12:19:59,-03:00,2025-03-27T12:19:59-03:00,0,39
static\global.js,20,js,f5d6575e,Jhonny,2025-03-27,12:19:59,-03:00,2025-03-27T12:19:59-03:00,0,66
static\global.js,21,js,f5d6575e,Jhonny,2025-03-27,12:19:59,-03:00,2025-03-27T12:19:59-03:00,0,4
static\global.js,22,js,f5d6575e,Jhonny,2025-03-27,12:19:59,-03:00,2025-03-27T12:19:59-03:00,0,0
static\global.js,23,js,f5d6575e,Jhonny,2025-03-27,12:19:59,-03:00,2025-03-27T12:19:59-03:00,0,42
static\global.js,24,js,f5d6575e,Jhonny,2025-03-27,12:19:59,-03:00,2025-03-27T12:19:59-03:00,0,29
static\global.js,25,js,f5d6575e,Jhonny,2025-03-27,12:19:59,-03:00,2025-03-27T12:19:59-03:00,0,0
static\global.js,26,js,f5d6575e,Jhonny,2025-03-27,12:19:59,-03:00,2025-03-27T12:19:59-03:00,0,24
static\global.js,27,js,f5d6575e,Jhonny,2025-03-27,12:19:59,-03:00,2025-03-27T12:19:59-03:00,0,22
static\global.js,28,js,f5d6575e,Jhonny,2025-03-27,12:19:59,-03:00,2025-03-27T12:19:59-03:00,0,26
static\global.js,29,js,f5d6575e,Jhonny,2025-03-27,12:19:59,-03:00,2025-03-27T12:19:59-03:00,0,38
static\global.js,30,js,f5d6575e,Jhonny,2025-03-27,12:19:59,-03:00,2025-03-27T12:19:59-03:00,0,0
static\global.js,31,js,f5d6575e,Jhonny,2025-03-27,12:19:59,-03:00,2025-03-27T12:19:59-03:00,0,0
static\global.js,32,js,f5d6575e,Jhonny,2025-03-27,12:19:59,-03:00,2025-03-27T12:19:59-03:00,0,42
static\global.js,33,js,f5d6575e,Jhonny,2025-03-27,12:19:59,-03:00,2025-03-27T12:19:59-03:00,0,19
static\global.js,34,js,f5d6575e,Jhonny,2025-03-27,12:19:59,-03:00,2025-03-27T12:19:59-03:00,0,28
static\global.js,35,js,f5d6575e,Jhonny,2025-03-27,12:19:59,-03:00,2025-03-27T12:19:59-03:00,0,20
static\global.js,36,js,f5d6575e,Jhonny,2025-03-27,12:19:59,-03:00,2025-03-27T12:19:59-03:00,0,73
static\global.js,37,js,f5d6575e,Jhonny,2025-03-27,12:19:59,-03:00,2025-03-27T12:19:59-03:00,0,37
static\global.js,38,js,f5d6575e,Jhonny,2025-03-27,12:19:59,-03:00,2025-03-27T12:19:59-03:00,0,7
static\global.js,39,js,f5d6575e,Jhonny,2025-03-27,12:19:59,-03:00,2025-03-27T12:19:59-03:00,0,37
static\global.js,40,js,f5d6575e,Jhonny,2025-03-27,12:19:59,-03:00,2025-03-27T12:19:59-03:00,0,45
static\global.js,41,js,f5d6575e,Jhonny,2025-03-27,12:19:59,-03:00,2025-03-27T12:19:59-03:00,0,7
static\global.js,42,js,f5d6575e,Jhonny,2025-03-27,12:19:59,-03:00,2025-03-27T12:19:59-03:00,0,3
src\app.html,1,html,0fe257d,Jhonny,2025-03-20,12:45:09,-03:00,2025-03-20T12:45:09-03:00,0,14
src\app.html,2,html,0fe257d,Jhonny,2025-03-20,12:45:09,-03:00,2025-03-20T12:45:09-03:00,0,15
src\app.html,3,html,0fe257d,Jhonny,2025-03-20,12:45:09,-03:00,2025-03-20T12:45:09-03:00,1,5
src\app.html,4,html,0fe257d,Jhonny,2025-03-20,12:45:09,-03:00,2025-03-20T12:45:09-03:00,2,23
src\app.html,5,html,0fe257d,Jhonny,2025-03-20,12:45:09,-03:00,2025-03-20T12:45:09-03:00,2,56
src\app.html,6,html,0fe257d,Jhonny,2025-03-20,12:45:09,-03:00,2025-03-20T12:45:09-03:00,2,52
src\app.html,7,html,419ce6a5,Jhonny,2025-04-03,12:41:07,-03:00,2025-04-03T12:41:07-03:00,2,15
src\app.html,8,html,419ce6a5,Jhonny,2025-04-03,12:41:07,-03:00,2025-04-03T12:41:07-03:00,2,19
src\app.html,9,html,0fe257d,Jhonny,2025-03-20,12:45:09,-03:00,2025-03-20T12:45:09-03:00,2,60
src\app.html,10,html,0fe257d,Jhonny,2025-03-20,12:45:09,-03:00,2025-03-20T12:45:09-03:00,2,65
src\app.html,11,html,0fe257d,Jhonny,2025-03-20,12:45:09,-03:00,2025-03-20T12:45:09-03:00,1,6
src\app.html,12,html,419ce6a5,Jhonny,2025-04-03,12:41:07,-03:00,2025-04-03T12:41:07-03:00,1,0
src\app.html,13,html,0fe257d,Jhonny,2025-03-20,12:45:09,-03:00,2025-03-20T12:45:09-03:00,1,41
src\app.html,14,html,419ce6a5,Jhonny,2025-04-03,12:41:07,-03:00,2025-04-03T12:41:07-03:00,2,0
src\app.html,15,html,0fe257d,Jhonny,2025-03-20,12:45:09,-03:00,2025-03-20T12:45:09-03:00,2,52
src\app.html,16,html,0fe257d,Jhonny,2025-03-20,12:45:09,-03:00,2025-03-20T12:45:09-03:00,1,6
src\app.html,17,html,419ce6a5,Jhonny,2025-04-03,12:41:07,-03:00,2025-04-03T12:41:07-03:00,0,6
src\routes\+page.svelte,1,svelte,0fe257d,Jhonny,2025-03-20,12:45:09,-03:00,2025-03-20T12:45:09-03:00,0,12
src\routes\+page.svelte,2,svelte,0fe257d,Jhonny,2025-03-20,12:45:09,-03:00,2025-03-20T12:45:09-03:00,0,18
src\routes\+page.svelte,3,svelte,0fe257d,Jhonny,2025-03-20,12:45:09,-03:00,2025-03-20T12:45:09-03:00,0,13
src\routes\+page.svelte,4,svelte,0fe257d,Jhonny,2025-03-20,12:45:09,-03:00,2025-03-20T12:45:09-03:00,0,0
src\routes\+page.svelte,5,svelte,0fe257d,Jhonny,2025-03-20,12:45:09,-03:00,2025-03-20T12:45:09-03:00,0,28
src\routes\+page.svelte,6,svelte,0fe257d,Jhonny,2025-03-20,12:45:09,-03:00,2025-03-20T12:45:09-03:00,0,89
src\routes\+page.svelte,7,svelte,0fe257d,Jhonny,2025-03-20,12:45:09,-03:00,2025-03-20T12:45:09-03:00,0,0
src\routes\+page.svelte,8,svelte,0fe257d,Jhonny,2025-03-20,12:45:09,-03:00,2025-03-20T12:45:09-03:00,0,68
src\routes\+page.svelte,9,svelte,0fe257d,Jhonny,2025-03-20,12:45:09,-03:00,2025-03-20T12:45:09-03:00,0,0
src\routes\+page.svelte,10,svelte,0fe257d,Jhonny,2025-03-20,12:45:09,-03:00,2025-03-20T12:45:09-03:00,0,35
src\routes\+page.svelte,11,svelte,f5d6575e,Jhonny,2025-03-27,12:19:59,-03:00,2025-03-27T12:19:59-03:00,0,52
src\routes\+page.svelte,12,svelte,f5d6575e,Jhonny,2025-03-27,12:19:59,-03:00,2025-03-27T12:19:59-03:00,0,0
src\routes\+page.svelte,13,svelte,3163931e,Henrique Borges Carvalho,2025-03-27,12:29:01,-03:00,2025-03-27T12:29:01-03:00,0,61
src\routes\+page.svelte,14,svelte,f5d6575e,Jhonny,2025-03-27,12:19:59,-03:00,2025-03-27T12:19:59-03:00,0,16
src\routes\+page.svelte,15,svelte,f5d6575e,Jhonny,2025-03-27,12:19:59,-03:00,2025-03-27T12:19:59-03:00,0,15
src\routes\+page.svelte,16,svelte,f5d6575e,Jhonny,2025-03-27,12:19:59,-03:00,2025-03-27T12:19:59-03:00,0,23
src\routes\+page.svelte,17,svelte,f5d6575e,Jhonny,2025-03-27,12:19:59,-03:00,2025-03-27T12:19:59-03:00,0,17
src\routes\+page.svelte,18,svelte,f5d6575e,Jhonny,2025-03-27,12:19:59,-03:00,2025-03-27T12:19:59-03:00,0,11
src\routes\+page.svelte,19,svelte,f5d6575e,Jhonny,2025-03-27,12:19:59,-03:00,2025-03-27T12:19:59-03:00,0,8
src\routes\+page.svelte,20,svelte,f5d6575e,Jhonny,2025-03-27,12:19:59,-03:00,2025-03-27T12:19:59-03:00,0,23
src\routes\+page.svelte,21,svelte,f5d6575e,Jhonny,2025-03-27,12:19:59,-03:00,2025-03-27T12:19:59-03:00,0,3
src\routes\+page.svelte,22,svelte,f5d6575e,Jhonny,2025-03-27,12:19:59,-03:00,2025-03-27T12:19:59-03:00,0,17
src\routes\+page.svelte,23,svelte,f5d6575e,Jhonny,2025-03-27,12:19:59,-03:00,2025-03-27T12:19:59-03:00,0,24
src\routes\+page.svelte,24,svelte,f5d6575e,Jhonny,2025-03-27,12:19:59,-03:00,2025-03-27T12:19:59-03:00,0,17
src\routes\+page.svelte,25,svelte,f5d6575e,Jhonny,2025-03-27,12:19:59,-03:00,2025-03-27T12:19:59-03:00,0,24
src\routes\+page.svelte,26,svelte,f5d6575e,Jhonny,2025-03-27,12:19:59,-03:00,2025-03-27T12:19:59-03:00,0,20
src\routes\+page.svelte,27,svelte,f5d6575e,Jhonny,2025-03-27,12:19:59,-03:00,2025-03-27T12:19:59-03:00,0,27
src\routes\+page.svelte,28,svelte,f5d6575e,Jhonny,2025-03-27,12:19:59,-03:00,2025-03-27T12:19:59-03:00,0,4
src\routes\+page.svelte,29,svelte,f5d6575e,Jhonny,2025-03-27,12:19:59,-03:00,2025-03-27T12:19:59-03:00,0,9
src\routes\+page.svelte,30,svelte,f5d6575e,Jhonny,2025-03-27,12:19:59,-03:00,2025-03-27T12:19:59-03:00,0,13
src\routes\+page.svelte,31,svelte,f5d6575e,Jhonny,2025-03-27,12:19:59,-03:00,2025-03-27T12:19:59-03:00,0,57
src\routes\+page.svelte,32,svelte,f5d6575e,Jhonny,2025-03-27,12:19:59,-03:00,2025-03-27T12:19:59-03:00,0,7
src\routes\+page.svelte,33,svelte,f5d6575e,Jhonny,2025-03-27,12:19:59,-03:00,2025-03-27T12:19:59-03:00,0,13
src\routes\+page.svelte,34,svelte,f5d6575e,Jhonny,2025-03-27,12:19:59,-03:00,2025-03-27T12:19:59-03:00,0,57
src\routes\+page.svelte,35,svelte,f5d6575e,Jhonny,2025-03-27,12:19:59,-03:00,2025-03-27T12:19:59-03:00,0,7
src\routes\+layout.svelte,1,svelte,f5d6575e,Jhonny,2025-03-27,12:19:59,-03:00,2025-03-27T12:19:59-03:00,0,7
src\routes\+layout.svelte,2,js,f5d6575e,Jhonny,2025-03-27,12:19:59,-03:00,2025-03-27T12:19:59-03:00,0,33
src\routes\+layout.svelte,3,js,f5d6575e,Jhonny,2025-03-27,12:19:59,-03:00,2025-03-27T12:19:59-03:00,0,34
src\routes\+layout.svelte,4,js,f5d6575e,Jhonny,2025-03-27,12:19:59,-03:00,2025-03-27T12:19:59-03:00,0,0
src\routes\+layout.svelte,5,js,f5d6575e,Jhonny,2025-03-27,12:19:59,-03:00,2025-03-27T12:19:59-03:00,0,12
src\routes\+layout.svelte,6,js,f5d6575e,Jhonny,2025-03-27,12:19:59,-03:00,2025-03-27T12:19:59-03:00,0,27
src\routes\+layout.svelte,7,js,f5d6575e,Jhonny,2025-03-27,12:19:59,-03:00,2025-03-27T12:19:59-03:00,0,39
src\routes\+layout.svelte,8,js,f5d6575e,Jhonny,2025-03-27,12:19:59,-03:00,2025-03-27T12:19:59-03:00,0,37
src\routes\+layout.svelte,9,js,f5d6575e,Jhonny,2025-03-27,12:19:59,-03:00,2025-03-27T12:19:59-03:00,0,35
src\routes\+layout.svelte,10,js,00000000,Not Committed Yet,2025-04-08,11:24:16,-03:00,2025-04-08T11:24:16-03:00,0,31
src\routes\+layout.svelte,11,js,00000000,Not Committed Yet,2025-04-08,11:24:16,-03:00,2025-04-08T11:24:16-03:00,0,0
src\routes\+layout.svelte,12,js,f5d6575e,Jhonny,2025-03-27,12:19:59,-03:00,2025-03-27T12:19:59-03:00,0,58
src\routes\+layout.svelte,13,js,f5d6575e,Jhonny,2025-03-27,12:19:59,-03:00,2025-03-27T12:19:59-03:00,0,1
src\routes\+layout.svelte,14,js,f5d6575e,Jhonny,2025-03-27,12:19:59,-03:00,2025-03-27T12:19:59-03:00,0,48
src\routes\+layout.svelte,15,js,f5d6575e,Jhonny,2025-03-27,12:19:59,-03:00,2025-03-27T12:19:59-03:00,0,0
src\routes\+layout.svelte,16,js,f5d6575e,Jhonny,2025-03-27,12:19:59,-03:00,2025-03-27T12:19:59-03:00,0,58
src\routes\+layout.svelte,17,js,f5d6575e,Jhonny,2025-03-27,12:19:59,-03:00,2025-03-27T12:19:59-03:00,0,48
src\routes\+layout.svelte,18,js,f5d6575e,Jhonny,2025-03-27,12:19:59,-03:00,2025-03-27T12:19:59-03:00,0,0
src\routes\+layout.svelte,19,js,f5d6575e,Jhonny,2025-03-27,12:19:59,-03:00,2025-03-27T12:19:59-03:00,0,0
src\routes\+layout.svelte,20,js,f5d6575e,Jhonny,2025-03-27,12:19:59,-03:00,2025-03-27T12:19:59-03:00,0,55
src\routes\+layout.svelte,21,js,f5d6575e,Jhonny,2025-03-27,12:19:59,-03:00,2025-03-27T12:19:59-03:00,0,41
src\routes\+layout.svelte,22,js,f5d6575e,Jhonny,2025-03-27,12:19:59,-03:00,2025-03-27T12:19:59-03:00,0,0
src\routes\+layout.svelte,23,svelte,f5d6575e,Jhonny,2025-03-27,12:19:59,-03:00,2025-03-27T12:19:59-03:00,0,8
src\routes\+layout.svelte,24,svelte,f5d6575e,Jhonny,2025-03-27,12:19:59,-03:00,2025-03-27T12:19:59-03:00,0,0
src\routes\+layout.svelte,25,svelte,f5d6575e,Jhonny,2025-03-27,12:19:59,-03:00,2025-03-27T12:19:59-03:00,0,4
src\routes\+layout.svelte,26,svelte,f5d6575e,Jhonny,2025-03-27,12:19:59,-03:00,2025-03-27T12:19:59-03:00,0,17
src\routes\+layout.svelte,27,svelte,f5d6575e,Jhonny,2025-03-27,12:19:59,-03:00,2025-03-27T12:19:59-03:00,0,1
src\routes\+layout.svelte,28,svelte,f5d6575e,Jhonny,2025-03-27,12:19:59,-03:00,2025-03-27T12:19:59-03:00,0,57
src\routes\+layout.svelte,29,svelte,f5d6575e,Jhonny,2025-03-27,12:19:59,-03:00,2025-03-27T12:19:59-03:00,0,39
src\routes\+layout.svelte,30,svelte,f5d6575e,Jhonny,2025-03-27,12:19:59,-03:00,2025-03-27T12:19:59-03:00,0,55
src\routes\+layout.svelte,31,svelte,f5d6575e,Jhonny,2025-03-27,12:19:59,-03:00,2025-03-27T12:19:59-03:00,0,0
src\routes\+layout.svelte,32,svelte,f5d6575e,Jhonny,2025-03-27,12:19:59,-03:00,2025-03-27T12:19:59-03:00,0,8
src\routes\+layout.svelte,33,svelte,f5d6575e,Jhonny,2025-03-27,12:19:59,-03:00,2025-03-27T12:19:59-03:00,0,3
src\routes\+layout.svelte,34,svelte,f5d6575e,Jhonny,2025-03-27,12:19:59,-03:00,2025-03-27T12:19:59-03:00,0,0
src\routes\+layout.svelte,35,svelte,f5d6575e,Jhonny,2025-03-27,12:19:59,-03:00,2025-03-27T12:19:59-03:00,0,6
src\routes\+layout.svelte,36,svelte,f5d6575e,Jhonny,2025-03-27,12:19:59,-03:00,2025-03-27T12:19:59-03:00,0,5
src\routes\+layout.svelte,37,svelte,f5d6575e,Jhonny,2025-03-27,12:19:59,-03:00,2025-03-27T12:19:59-03:00,0,0
src\routes\+layout.svelte,38,svelte,f5d6575e,Jhonny,2025-03-27,12:19:59,-03:00,2025-03-27T12:19:59-03:00,0,27
src\routes\+layout.svelte,39,svelte,f5d6575e,Jhonny,2025-03-27,12:19:59,-03:00,2025-03-27T12:19:59-03:00,0,5
src\routes\+layout.svelte,40,svelte,f5d6575e,Jhonny,2025-03-27,12:19:59,-03:00,2025-03-27T12:19:59-03:00,0,34
src\routes\+layout.svelte,41,svelte,f5d6575e,Jhonny,2025-03-27,12:19:59,-03:00,2025-03-27T12:19:59-03:00,0,0
src\routes\+layout.svelte,42,svelte,f5d6575e,Jhonny,2025-03-27,12:19:59,-03:00,2025-03-27T12:19:59-03:00,0,46
src\routes\+layout.svelte,43,svelte,f5d6575e,Jhonny,2025-03-27,12:19:59,-03:00,2025-03-27T12:19:59-03:00,0,37
src\routes\+layout.svelte,44,svelte,f5d6575e,Jhonny,2025-03-27,12:19:59,-03:00,2025-03-27T12:19:59-03:00,0,35
src\routes\+layout.svelte,45,svelte,f5d6575e,Jhonny,2025-03-27,12:19:59,-03:00,2025-03-27T12:19:59-03:00,0,8
src\routes\+layout.svelte,46,svelte,f5d6575e,Jhonny,2025-03-27,12:19:59,-03:00,2025-03-27T12:19:59-03:00,0,7
src\routes\+layout.svelte,47,svelte,f5d6575e,Jhonny,2025-03-27,12:19:59,-03:00,2025-03-27T12:19:59-03:00,0,0
src\routes\+layout.svelte,48,svelte,f5d6575e,Jhonny,2025-03-27,12:19:59,-03:00,2025-03-27T12:19:59-03:00,0,6
src\routes\resume\+page.svelte,1,svelte,0fe257d,Jhonny,2025-03-20,12:45:09,-03:00,2025-03-20T12:45:09-03:00,0,12
src\routes\resume\+page.svelte,2,svelte,0fe257d,Jhonny,2025-03-20,12:45:09,-03:00,2025-03-20T12:45:09-03:00,0,20
src\routes\resume\+page.svelte,3,svelte,0fe257d,Jhonny,2025-03-20,12:45:09,-03:00,2025-03-20T12:45:09-03:00,0,13
src\routes\resume\+page.svelte,4,svelte,0fe257d,Jhonny,2025-03-20,12:45:09,-03:00,2025-03-20T12:45:09-03:00,0,0
src\routes\resume\+page.svelte,5,svelte,0fe257d,Jhonny,2025-03-20,12:45:09,-03:00,2025-03-20T12:45:09-03:00,0,71
src\routes\resume\+page.svelte,6,svelte,0fe257d,Jhonny,2025-03-20,12:45:09,-03:00,2025-03-20T12:45:09-03:00,0,3
src\routes\projects\+page.svelte,1,svelte,419ce6a5,Jhonny,2025-04-03,12:41:07,-03:00,2025-04-03T12:41:07-03:00,0,7
src\routes\projects\+page.svelte,2,js,419ce6a5,Jhonny,2025-04-03,12:41:07,-03:00,2025-04-03T12:41:07-03:00,0,41
src\routes\projects\+page.svelte,3,js,419ce6a5,Jhonny,2025-04-03,12:41:07,-03:00,2025-04-03T12:41:07-03:00,0,41
src\routes\projects\+page.svelte,4,js,419ce6a5,Jhonny,2025-04-03,12:41:07,-03:00,2025-04-03T12:41:07-03:00,0,33
src\routes\projects\+page.svelte,5,js,419ce6a5,Jhonny,2025-04-03,12:41:07,-03:00,2025-04-03T12:41:07-03:00,0,24
src\routes\projects\+page.svelte,6,js,419ce6a5,Jhonny,2025-04-03,12:41:07,-03:00,2025-04-03T12:41:07-03:00,0,0
src\routes\projects\+page.svelte,7,js,419ce6a5,Jhonny,2025-04-03,12:41:07,-03:00,2025-04-03T12:41:07-03:00,0,14
src\routes\projects\+page.svelte,8,js,7e20b1a6,Jhonny,2025-04-03,12:53:56,-03:00,2025-04-03T12:53:56-03:00,0,26
src\routes\projects\+page.svelte,9,js,7e20b1a6,Jhonny,2025-04-03,12:53:56,-03:00,2025-04-03T12:53:56-03:00,0,16
src\routes\projects\+page.svelte,10,js,7e20b1a6,Jhonny,2025-04-03,12:53:56,-03:00,2025-04-03T12:53:56-03:00,0,82
src\routes\projects\+page.svelte,11,js,419ce6a5,Jhonny,2025-04-03,12:41:07,-03:00,2025-04-03T12:41:07-03:00,0,0
src\routes\projects\+page.svelte,12,js,419ce6a5,Jhonny,2025-04-03,12:41:07,-03:00,2025-04-03T12:41:07-03:00,0,49
src\routes\projects\+page.svelte,13,js,419ce6a5,Jhonny,2025-04-03,12:41:07,-03:00,2025-04-03T12:41:07-03:00,0,60
src\routes\projects\+page.svelte,14,js,419ce6a5,Jhonny,2025-04-03,12:41:07,-03:00,2025-04-03T12:41:07-03:00,0,43
src\routes\projects\+page.svelte,15,js,419ce6a5,Jhonny,2025-04-03,12:41:07,-03:00,2025-04-03T12:41:07-03:00,0,2
src\routes\projects\+page.svelte,16,js,419ce6a5,Jhonny,2025-04-03,12:41:07,-03:00,2025-04-03T12:41:07-03:00,0,0
src\routes\projects\+page.svelte,17,js,7e20b1a6,Jhonny,2025-04-03,12:53:56,-03:00,2025-04-03T12:53:56-03:00,0,55
src\routes\projects\+page.svelte,18,js,7e20b1a6,Jhonny,2025-04-03,12:53:56,-03:00,2025-04-03T12:53:56-03:00,0,18
src\routes\projects\+page.svelte,19,js,7e20b1a6,Jhonny,2025-04-03,12:53:56,-03:00,2025-04-03T12:53:56-03:00,0,36
src\routes\projects\+page.svelte,20,js,7e20b1a6,Jhonny,2025-04-03,12:53:56,-03:00,2025-04-03T12:53:56-03:00,0,0
src\routes\projects\+page.svelte,21,js,7e20b1a6,Jhonny,2025-04-03,12:53:56,-03:00,2025-04-03T12:53:56-03:00,0,0
src\routes\projects\+page.svelte,22,js,7e20b1a6,Jhonny,2025-04-03,12:53:56,-03:00,2025-04-03T12:53:56-03:00,0,11
src\routes\projects\+page.svelte,23,js,7e20b1a6,Jhonny,2025-04-03,12:53:56,-03:00,2025-04-03T12:53:56-03:00,0,2
src\routes\projects\+page.svelte,24,js,7e20b1a6,Jhonny,2025-04-03,12:53:56,-03:00,2025-04-03T12:53:56-03:00,0,0
src\routes\projects\+page.svelte,25,js,419ce6a5,Jhonny,2025-04-03,12:41:07,-03:00,2025-04-03T12:41:07-03:00,0,11
src\routes\projects\+page.svelte,26,js,419ce6a5,Jhonny,2025-04-03,12:41:07,-03:00,2025-04-03T12:41:07-03:00,0,0
src\routes\projects\+page.svelte,27,js,419ce6a5,Jhonny,2025-04-03,12:41:07,-03:00,2025-04-03T12:41:07-03:00,0,3
src\routes\projects\+page.svelte,28,js,419ce6a5,Jhonny,2025-04-03,12:41:07,-03:00,2025-04-03T12:41:07-03:00,0,52
src\routes\projects\+page.svelte,29,js,419ce6a5,Jhonny,2025-04-03,12:41:07,-03:00,2025-04-03T12:41:07-03:00,0,12
src\routes\projects\+page.svelte,30,js,419ce6a5,Jhonny,2025-04-03,12:41:07,-03:00,2025-04-03T12:41:07-03:00,0,0
src\routes\projects\+page.svelte,31,js,419ce6a5,Jhonny,2025-04-03,12:41:07,-03:00,2025-04-03T12:41:07-03:00,0,65
src\routes\projects\+page.svelte,32,js,419ce6a5,Jhonny,2025-04-03,12:41:07,-03:00,2025-04-03T12:41:07-03:00,0,73
src\routes\projects\+page.svelte,33,js,419ce6a5,Jhonny,2025-04-03,12:41:07,-03:00,2025-04-03T12:41:07-03:00,0,0
src\routes\projects\+page.svelte,34,js,419ce6a5,Jhonny,2025-04-03,12:41:07,-03:00,2025-04-03T12:41:07-03:00,0,62
src\routes\projects\+page.svelte,35,js,419ce6a5,Jhonny,2025-04-03,12:41:07,-03:00,2025-04-03T12:41:07-03:00,0,44
src\routes\projects\+page.svelte,36,js,419ce6a5,Jhonny,2025-04-03,12:41:07,-03:00,2025-04-03T12:41:07-03:00,0,36
src\routes\projects\+page.svelte,37,js,419ce6a5,Jhonny,2025-04-03,12:41:07,-03:00,2025-04-03T12:41:07-03:00,0,2
src\routes\projects\+page.svelte,38,js,419ce6a5,Jhonny,2025-04-03,12:41:07,-03:00,2025-04-03T12:41:07-03:00,0,0
src\routes\projects\+page.svelte,39,js,419ce6a5,Jhonny,2025-04-03,12:41:07,-03:00,2025-04-03T12:41:07-03:00,0,0
src\routes\projects\+page.svelte,40,svelte,419ce6a5,Jhonny,2025-04-03,12:41:07,-03:00,2025-04-03T12:41:07-03:00,0,8
src\routes\projects\+page.svelte,41,svelte,419ce6a5,Jhonny,2025-04-03,12:41:07,-03:00,2025-04-03T12:41:07-03:00,0,0
src\routes\projects\+page.svelte,42,svelte,419ce6a5,Jhonny,2025-04-03,12:41:07,-03:00,2025-04-03T12:41:07-03:00,0,0
src\routes\projects\+page.svelte,43,svelte,0fe257d,Jhonny,2025-03-20,12:45:09,-03:00,2025-03-20T12:45:09-03:00,0,12
src\routes\projects\+page.svelte,44,svelte,0fe257d,Jhonny,2025-03-20,12:45:09,-03:00,2025-03-20T12:45:09-03:00,0,22
src\routes\projects\+page.svelte,45,svelte,0fe257d,Jhonny,2025-03-20,12:45:09,-03:00,2025-03-20T12:45:09-03:00,0,13
src\routes\projects\+page.svelte,46,svelte,0fe257d,Jhonny,2025-03-20,12:45:09,-03:00,2025-03-20T12:45:09-03:00,0,0
src\routes\projects\+page.svelte,47,svelte,7e20b1a6,Jhonny,2025-04-03,12:53:56,-03:00,2025-04-03T12:53:56-03:00,0,60
src\routes\projects\+page.svelte,48,svelte,419ce6a5,Jhonny,2025-04-03,12:41:07,-03:00,2025-04-03T12:41:07-03:00,0,0
src\routes\projects\+page.svelte,49,svelte,419ce6a5,Jhonny,2025-04-03,12:41:07,-03:00,2025-04-03T12:41:07-03:00,0,106
src\routes\projects\+page.svelte,50,svelte,0fe257d,Jhonny,2025-03-20,12:45:09,-03:00,2025-03-20T12:45:09-03:00,0,0
src\routes\projects\+page.svelte,51,svelte,419ce6a5,Jhonny,2025-04-03,12:41:07,-03:00,2025-04-03T12:41:07-03:00,0,36
src\routes\projects\+page.svelte,52,svelte,419ce6a5,Jhonny,2025-04-03,12:41:07,-03:00,2025-04-03T12:41:07-03:00,0,21
src\routes\projects\+page.svelte,53,svelte,2d7cf849,Jhonny,2025-04-03,12:56:50,-03:00,2025-04-03T12:56:50-03:00,0,26
src\routes\projects\+page.svelte,54,svelte,419ce6a5,Jhonny,2025-04-03,12:41:07,-03:00,2025-04-03T12:41:07-03:00,0,18
src\routes\projects\+page.svelte,55,svelte,419ce6a5,Jhonny,2025-04-03,12:41:07,-03:00,2025-04-03T12:41:07-03:00,0,13
src\routes\projects\+page.svelte,56,svelte,419ce6a5,Jhonny,2025-04-03,12:41:07,-03:00,2025-04-03T12:41:07-03:00,0,17
src\routes\projects\+page.svelte,57,svelte,419ce6a5,Jhonny,2025-04-03,12:41:07,-03:00,2025-04-03T12:41:07-03:00,0,27
src\routes\projects\+page.svelte,58,svelte,419ce6a5,Jhonny,2025-04-03,12:41:07,-03:00,2025-04-03T12:41:07-03:00,0,2
src\routes\projects\+page.svelte,59,svelte,419ce6a5,Jhonny,2025-04-03,12:41:07,-03:00,2025-04-03T12:41:07-03:00,0,14
src\routes\projects\+page.svelte,60,svelte,419ce6a5,Jhonny,2025-04-03,12:41:07,-03:00,2025-04-03T12:41:07-03:00,0,3
src\routes\projects\+page.svelte,61,svelte,419ce6a5,Jhonny,2025-04-03,12:41:07,-03:00,2025-04-03T12:41:07-03:00,0,13
src\routes\projects\+page.svelte,62,svelte,419ce6a5,Jhonny,2025-04-03,12:41:07,-03:00,2025-04-03T12:41:07-03:00,0,6
src\routes\projects\+page.svelte,63,svelte,419ce6a5,Jhonny,2025-04-03,12:41:07,-03:00,2025-04-03T12:41:07-03:00,0,5
src\routes\contact\+page.svelte,1,svelte,0fe257d,Jhonny,2025-03-20,12:45:09,-03:00,2025-03-20T12:45:09-03:00,0,12
src\routes\contact\+page.svelte,2,svelte,0fe257d,Jhonny,2025-03-20,12:45:09,-03:00,2025-03-20T12:45:09-03:00,0,24
src\routes\contact\+page.svelte,3,svelte,0fe257d,Jhonny,2025-03-20,12:45:09,-03:00,2025-03-20T12:45:09-03:00,0,13
src\routes\contact\+page.svelte,4,svelte,0fe257d,Jhonny,2025-03-20,12:45:09,-03:00,2025-03-20T12:45:09-03:00,0,0
src\routes\contact\+page.svelte,5,svelte,0fe257d,Jhonny,2025-03-20,12:45:09,-03:00,2025-03-20T12:45:09-03:00,0,0
src\routes\contact\+page.svelte,6,svelte,0fe257d,Jhonny,2025-03-20,12:45:09,-03:00,2025-03-20T12:45:09-03:00,0,23
src\routes\contact\+page.svelte,7,svelte,0fe257d,Jhonny,2025-03-20,12:45:09,-03:00,2025-03-20T12:45:09-03:00,0,17
src\routes\contact\+page.svelte,8,svelte,0fe257d,Jhonny,2025-03-20,12:45:09,-03:00,2025-03-20T12:45:09-03:00,0,0
src\routes\contact\+page.svelte,9,svelte,0fe257d,Jhonny,2025-03-20,12:45:09,-03:00,2025-03-20T12:45:09-03:00,0,60
src\routes\contact\+page.svelte,10,svelte,0fe257d,Jhonny,2025-03-20,12:45:09,-03:00,2025-03-20T12:45:09-03:00,0,32
src\routes\contact\+page.svelte,11,svelte,0fe257d,Jhonny,2025-03-20,12:45:09,-03:00,2025-03-20T12:45:09-03:00,0,67
src\routes\contact\+page.svelte,12,svelte,0fe257d,Jhonny,2025-03-20,12:45:09,-03:00,2025-03-20T12:45:09-03:00,0,36
src\routes\contact\+page.svelte,13,svelte,0fe257d,Jhonny,2025-03-20,12:45:09,-03:00,2025-03-20T12:45:09-03:00,0,54
src\routes\contact\+page.svelte,14,svelte,0fe257d,Jhonny,2025-03-20,12:45:09,-03:00,2025-03-20T12:45:09-03:00,0,30
src\routes\contact\+page.svelte,15,svelte,0fe257d,Jhonny,2025-03-20,12:45:09,-03:00,2025-03-20T12:45:09-03:00,0,44
src\routes\contact\+page.svelte,16,svelte,0fe257d,Jhonny,2025-03-20,12:45:09,-03:00,2025-03-20T12:45:09-03:00,0,22
src\routes\contact\+page.svelte,17,svelte,0fe257d,Jhonny,2025-03-20,12:45:09,-03:00,2025-03-20T12:45:09-03:00,0,6
src\lib\Project.svelte,1,svelte,419ce6a5,Jhonny,2025-04-03,12:41:07,-03:00,2025-04-03T12:41:07-03:00,0,7
src\lib\Project.svelte,2,js,419ce6a5,Jhonny,2025-04-03,12:41:07,-03:00,2025-04-03T12:41:07-03:00,0,20
src\lib\Project.svelte,3,js,419ce6a5,Jhonny,2025-04-03,12:41:07,-03:00,2025-04-03T12:41:07-03:00,0,21
src\lib\Project.svelte,4,svelte,419ce6a5,Jhonny,2025-04-03,12:41:07,-03:00,2025-04-03T12:41:07-03:00,0,8
src\lib\Project.svelte,5,svelte,419ce6a5,Jhonny,2025-04-03,12:41:07,-03:00,2025-04-03T12:41:07-03:00,0,0
src\lib\Project.svelte,6,svelte,419ce6a5,Jhonny,2025-04-03,12:41:07,-03:00,2025-04-03T12:41:07-03:00,0,8
src\lib\Project.svelte,7,svelte,419ce6a5,Jhonny,2025-04-03,12:41:07,-03:00,2025-04-03T12:41:07-03:00,0,29
src\lib\Project.svelte,8,svelte,419ce6a5,Jhonny,2025-04-03,12:41:07,-03:00,2025-04-03T12:41:07-03:00,0,64
src\lib\Project.svelte,9,svelte,419ce6a5,Jhonny,2025-04-03,12:41:07,-03:00,2025-04-03T12:41:07-03:00,0,30
src\lib\Project.svelte,10,svelte,419ce6a5,Jhonny,2025-04-03,12:41:07,-03:00,2025-04-03T12:41:07-03:00,0,2
src\lib\Project.svelte,11,svelte,419ce6a5,Jhonny,2025-04-03,12:41:07,-03:00,2025-04-03T12:41:07-03:00,0,17
src\lib\Project.svelte,12,svelte,419ce6a5,Jhonny,2025-04-03,12:41:07,-03:00,2025-04-03T12:41:07-03:00,0,3
src\lib\Project.svelte,13,svelte,419ce6a5,Jhonny,2025-04-03,12:41:07,-03:00,2025-04-03T12:41:07-03:00,0,10
src\lib\Project.svelte,14,svelte,419ce6a5,Jhonny,2025-04-03,12:41:07,-03:00,2025-04-03T12:41:07-03:00,0,3
src\lib\Project.svelte,15,svelte,419ce6a5,Jhonny,2025-04-03,12:41:07,-03:00,2025-04-03T12:41:07-03:00,0,9
src\lib\Project.svelte,16,svelte,419ce6a5,Jhonny,2025-04-03,12:41:07,-03:00,2025-04-03T12:41:07-03:00,0,0
src\lib\Project.svelte,17,svelte,419ce6a5,Jhonny,2025-04-03,12:41:07,-03:00,2025-04-03T12:41:07-03:00,0,6
src\lib\Project.svelte,18,css,419ce6a5,Jhonny,2025-04-03,12:41:07,-03:00,2025-04-03T12:41:07-03:00,0,7
src\lib\Project.svelte,19,css,419ce6a5,Jhonny,2025-04-03,12:41:07,-03:00,2025-04-03T12:41:07-03:00,1,13
src\lib\Project.svelte,20,css,419ce6a5,Jhonny,2025-04-03,12:41:07,-03:00,2025-04-03T12:41:07-03:00,1,13
src\lib\Project.svelte,21,css,419ce6a5,Jhonny,2025-04-03,12:41:07,-03:00,2025-04-03T12:41:07-03:00,1,27
src\lib\Project.svelte,22,css,419ce6a5,Jhonny,2025-04-03,12:41:07,-03:00,2025-04-03T12:41:07-03:00,1,16
src\lib\Project.svelte,23,css,419ce6a5,Jhonny,2025-04-03,12:41:07,-03:00,2025-04-03T12:41:07-03:00,0,0
src\lib\Project.svelte,24,css,419ce6a5,Jhonny,2025-04-03,12:41:07,-03:00,2025-04-03T12:41:07-03:00,0,0
src\lib\Project.svelte,25,css,419ce6a5,Jhonny,2025-04-03,12:41:07,-03:00,2025-04-03T12:41:07-03:00,0,10
src\lib\Project.svelte,26,css,419ce6a5,Jhonny,2025-04-03,12:41:07,-03:00,2025-04-03T12:41:07-03:00,0,9
src\lib\Project.svelte,27,css,419ce6a5,Jhonny,2025-04-03,12:41:07,-03:00,2025-04-03T12:41:07-03:00,0,0
src\lib\Project.svelte,28,css,419ce6a5,Jhonny,2025-04-03,12:41:07,-03:00,2025-04-03T12:41:07-03:00,0,4
src\lib\Project.svelte,29,css,419ce6a5,Jhonny,2025-04-03,12:41:07,-03:00,2025-04-03T12:41:07-03:00,0,12
src\lib\Project.svelte,30,css,419ce6a5,Jhonny,2025-04-03,12:41:07,-03:00,2025-04-03T12:41:07-03:00,0,0
src\lib\Project.svelte,31,svelte,419ce6a5,Jhonny,2025-04-03,12:41:07,-03:00,2025-04-03T12:41:07-03:00,0,7
src\lib\Pie.svelte,1,svelte,419ce6a5,Jhonny,2025-04-03,12:41:07,-03:00,2025-04-03T12:41:07-03:00,0,7
src\lib\Pie.svelte,2,js,419ce6a5,Jhonny,2025-04-03,12:41:07,-03:00,2025-04-03T12:41:07-03:00,0,20
src\lib\Pie.svelte,3,js,7e20b1a6,Jhonny,2025-04-03,12:53:56,-03:00,2025-04-03T12:53:56-03:00,0,29
src\lib\Pie.svelte,4,js,419ce6a5,Jhonny,2025-04-03,12:41:07,-03:00,2025-04-03T12:41:07-03:00,0,0
src\lib\Pie.svelte,5,js,419ce6a5,Jhonny,2025-04-03,12:41:07,-03:00,2025-04-03T12:41:07-03:00,0,0
src\lib\Pie.svelte,6,js,419ce6a5,Jhonny,2025-04-03,12:41:07,-03:00,2025-04-03T12:41:07-03:00,0,24
src\lib\Pie.svelte,7,js,419ce6a5,Jhonny,2025-04-03,12:41:07,-03:00,2025-04-03T12:41:07-03:00,0,0
src\lib\Pie.svelte,8,js,419ce6a5,Jhonny,2025-04-03,12:41:07,-03:00,2025-04-03T12:41:07-03:00,0,58
src\lib\Pie.svelte,9,js,419ce6a5,Jhonny,2025-04-03,12:41:07,-03:00,2025-04-03T12:41:07-03:00,0,0
src\lib\Pie.svelte,10,js,419ce6a5,Jhonny,2025-04-03,12:41:07,-03:00,2025-04-03T12:41:07-03:00,0,0
src\lib\Pie.svelte,11,js,419ce6a5,Jhonny,2025-04-03,12:41:07,-03:00,2025-04-03T12:41:07-03:00,0,48
src\lib\Pie.svelte,12,js,419ce6a5,Jhonny,2025-04-03,12:41:07,-03:00,2025-04-03T12:41:07-03:00,0,0
src\lib\Pie.svelte,13,js,419ce6a5,Jhonny,2025-04-03,12:41:07,-03:00,2025-04-03T12:41:07-03:00,0,49
src\lib\Pie.svelte,14,js,419ce6a5,Jhonny,2025-04-03,12:41:07,-03:00,2025-04-03T12:41:07-03:00,0,0
src\lib\Pie.svelte,15,js,419ce6a5,Jhonny,2025-04-03,12:41:07,-03:00,2025-04-03T12:41:07-03:00,0,11
src\lib\Pie.svelte,16,js,419ce6a5,Jhonny,2025-04-03,12:41:07,-03:00,2025-04-03T12:41:07-03:00,0,8
src\lib\Pie.svelte,17,js,419ce6a5,Jhonny,2025-04-03,12:41:07,-03:00,2025-04-03T12:41:07-03:00,0,0
src\lib\Pie.svelte,18,js,419ce6a5,Jhonny,2025-04-03,12:41:07,-03:00,2025-04-03T12:41:07-03:00,0,3
src\lib\Pie.svelte,19,js,419ce6a5,Jhonny,2025-04-03,12:41:07,-03:00,2025-04-03T12:41:07-03:00,0,30
src\lib\Pie.svelte,20,js,419ce6a5,Jhonny,2025-04-03,12:41:07,-03:00,2025-04-03T12:41:07-03:00,0,39
src\lib\Pie.svelte,21,js,419ce6a5,Jhonny,2025-04-03,12:41:07,-03:00,2025-04-03T12:41:07-03:00,0,1
src\lib\Pie.svelte,22,js,419ce6a5,Jhonny,2025-04-03,12:41:07,-03:00,2025-04-03T12:41:07-03:00,0,0
src\lib\Pie.svelte,23,js,419ce6a5,Jhonny,2025-04-03,12:41:07,-03:00,2025-04-03T12:41:07-03:00,0,0
src\lib\Pie.svelte,24,js,419ce6a5,Jhonny,2025-04-03,12:41:07,-03:00,2025-04-03T12:41:07-03:00,0,0
src\lib\Pie.svelte,25,svelte,419ce6a5,Jhonny,2025-04-03,12:41:07,-03:00,2025-04-03T12:41:07-03:00,0,8
src\lib\Pie.svelte,26,svelte,419ce6a5,Jhonny,2025-04-03,12:41:07,-03:00,2025-04-03T12:41:07-03:00,0,0
src\lib\Pie.svelte,27,svelte,419ce6a5,Jhonny,2025-04-03,12:41:07,-03:00,2025-04-03T12:41:07-03:00,0,22
src\lib\Pie.svelte,28,svelte,419ce6a5,Jhonny,2025-04-03,12:41:07,-03:00,2025-04-03T12:41:07-03:00,0,30
src\lib\Pie.svelte,29,svelte,7e20b1a6,Jhonny,2025-04-03,12:53:56,-03:00,2025-04-03T12:53:56-03:00,0,25
src\lib\Pie.svelte,30,svelte,7e20b1a6,Jhonny,2025-04-03,12:53:56,-03:00,2025-04-03T12:53:56-03:00,0,35
src\lib\Pie.svelte,31,svelte,7e20b1a6,Jhonny,2025-04-03,12:53:56,-03:00,2025-04-03T12:53:56-03:00,0,39
src\lib\Pie.svelte,32,svelte,7e20b1a6,Jhonny,2025-04-03,12:53:56,-03:00,2025-04-03T12:53:56-03:00,0,67
src\lib\Pie.svelte,33,svelte,7e20b1a6,Jhonny,2025-04-03,12:53:56,-03:00,2025-04-03T12:53:56-03:00,0,1
src\lib\Pie.svelte,34,svelte,7e20b1a6,Jhonny,2025-04-03,12:53:56,-03:00,2025-04-03T12:53:56-03:00,0,6
src\lib\Pie.svelte,35,svelte,7e20b1a6,Jhonny,2025-04-03,12:53:56,-03:00,2025-04-03T12:53:56-03:00,0,0
src\lib\Pie.svelte,36,svelte,419ce6a5,Jhonny,2025-04-03,12:41:07,-03:00,2025-04-03T12:41:07-03:00,0,5
src\lib\Pie.svelte,37,svelte,419ce6a5,Jhonny,2025-04-03,12:41:07,-03:00,2025-04-03T12:41:07-03:00,0,0
src\lib\Pie.svelte,38,svelte,419ce6a5,Jhonny,2025-04-03,12:41:07,-03:00,2025-04-03T12:41:07-03:00,0,18
src\lib\Pie.svelte,39,svelte,419ce6a5,Jhonny,2025-04-03,12:41:07,-03:00,2025-04-03T12:41:07-03:00,0,23
src\lib\Pie.svelte,40,svelte,419ce6a5,Jhonny,2025-04-03,12:41:07,-03:00,2025-04-03T12:41:07-03:00,0,38
src\lib\Pie.svelte,41,svelte,419ce6a5,Jhonny,2025-04-03,12:41:07,-03:00,2025-04-03T12:41:07-03:00,0,27
src\lib\Pie.svelte,42,svelte,419ce6a5,Jhonny,2025-04-03,12:41:07,-03:00,2025-04-03T12:41:07-03:00,0,29
src\lib\Pie.svelte,43,svelte,419ce6a5,Jhonny,2025-04-03,12:41:07,-03:00,2025-04-03T12:41:07-03:00,0,4
src\lib\Pie.svelte,44,svelte,419ce6a5,Jhonny,2025-04-03,12:41:07,-03:00,2025-04-03T12:41:07-03:00,0,6
src\lib\Pie.svelte,45,svelte,419ce6a5,Jhonny,2025-04-03,12:41:07,-03:00,2025-04-03T12:41:07-03:00,0,4
src\lib\Pie.svelte,46,svelte,419ce6a5,Jhonny,2025-04-03,12:41:07,-03:00,2025-04-03T12:41:07-03:00,0,5
src\lib\Pie.svelte,47,svelte,419ce6a5,Jhonny,2025-04-03,12:41:07,-03:00,2025-04-03T12:41:07-03:00,0,0
src\lib\Pie.svelte,48,svelte,419ce6a5,Jhonny,2025-04-03,12:41:07,-03:00,2025-04-03T12:41:07-03:00,0,6
src\lib\Pie.svelte,49,css,419ce6a5,Jhonny,2025-04-03,12:41:07,-03:00,2025-04-03T12:41:07-03:00,0,4
src\lib\Pie.svelte,50,css,419ce6a5,Jhonny,2025-04-03,12:41:07,-03:00,2025-04-03T12:41:07-03:00,1,15
src\lib\Pie.svelte,51,css,419ce6a5,Jhonny,2025-04-03,12:41:07,-03:00,2025-04-03T12:41:07-03:00,1,17
src\lib\Pie.svelte,52,css,419ce6a5,Jhonny,2025-04-03,12:41:07,-03:00,2025-04-03T12:41:07-03:00,0,0
src\lib\Pie.svelte,53,css,419ce6a5,Jhonny,2025-04-03,12:41:07,-03:00,2025-04-03T12:41:07-03:00,0,43
src\lib\Pie.svelte,54,css,419ce6a5,Jhonny,2025-04-03,12:41:07,-03:00,2025-04-03T12:41:07-03:00,0,17
src\lib\Pie.svelte,55,css,419ce6a5,Jhonny,2025-04-03,12:41:07,-03:00,2025-04-03T12:41:07-03:00,0,0
src\lib\Pie.svelte,56,css,419ce6a5,Jhonny,2025-04-03,12:41:07,-03:00,2025-04-03T12:41:07-03:00,0,0
src\lib\Pie.svelte,57,css,419ce6a5,Jhonny,2025-04-03,12:41:07,-03:00,2025-04-03T12:41:07-03:00,0,37
src\lib\Pie.svelte,58,css,419ce6a5,Jhonny,2025-04-03,12:41:07,-03:00,2025-04-03T12:41:07-03:00,1,12
src\lib\Pie.svelte,59,css,419ce6a5,Jhonny,2025-04-03,12:41:07,-03:00,2025-04-03T12:41:07-03:00,0,0
src\lib\Pie.svelte,60,css,419ce6a5,Jhonny,2025-04-03,12:41:07,-03:00,2025-04-03T12:41:07-03:00,0,0
src\lib\Pie.svelte,61,css,419ce6a5,Jhonny,2025-04-03,12:41:07,-03:00,2025-04-03T12:41:07-03:00,0,5
src\lib\Pie.svelte,62,css,419ce6a5,Jhonny,2025-04-03,12:41:07,-03:00,2025-04-03T12:41:07-03:00,1,17
src\lib\Pie.svelte,63,css,419ce6a5,Jhonny,2025-04-03,12:41:07,-03:00,2025-04-03T12:41:07-03:00,0,0
src\lib\Pie.svelte,64,css,419ce6a5,Jhonny,2025-04-03,12:41:07,-03:00,2025-04-03T12:41:07-03:00,0,0
src\lib\Pie.svelte,65,css,419ce6a5,Jhonny,2025-04-03,12:41:07,-03:00,2025-04-03T12:41:07-03:00,0,10
src\lib\Pie.svelte,66,css,419ce6a5,Jhonny,2025-04-03,12:41:07,-03:00,2025-04-03T12:41:07-03:00,0,13
src\lib\Pie.svelte,67,css,419ce6a5,Jhonny,2025-04-03,12:41:07,-03:00,2025-04-03T12:41:07-03:00,0,19
src\lib\Pie.svelte,68,css,419ce6a5,Jhonny,2025-04-03,12:41:07,-03:00,2025-04-03T12:41:07-03:00,0,10
src\lib\Pie.svelte,69,css,419ce6a5,Jhonny,2025-04-03,12:41:07,-03:00,2025-04-03T12:41:07-03:00,0,0
src\lib\Pie.svelte,70,css,419ce6a5,Jhonny,2025-04-03,12:41:07,-03:00,2025-04-03T12:41:07-03:00,0,0
src\lib\Pie.svelte,71,css,419ce6a5,Jhonny,2025-04-03,12:41:07,-03:00,2025-04-03T12:41:07-03:00,0,7
src\lib\Pie.svelte,72,css,419ce6a5,Jhonny,2025-04-03,12:41:07,-03:00,2025-04-03T12:41:07-03:00,0,13
src\lib\Pie.svelte,73,css,419ce6a5,Jhonny,2025-04-03,12:41:07,-03:00,2025-04-03T12:41:07-03:00,0,58
src\lib\Pie.svelte,74,css,419ce6a5,Jhonny,2025-04-03,12:41:07,-03:00,2025-04-03T12:41:07-03:00,0,23
src\lib\Pie.svelte,75,css,419ce6a5,Jhonny,2025-04-03,12:41:07,-03:00,2025-04-03T12:41:07-03:00,0,12
src\lib\Pie.svelte,76,css,419ce6a5,Jhonny,2025-04-03,12:41:07,-03:00,2025-04-03T12:41:07-03:00,0,11
src\lib\Pie.svelte,77,css,419ce6a5,Jhonny,2025-04-03,12:41:07,-03:00,2025-04-03T12:41:07-03:00,0,7
src\lib\Pie.svelte,78,css,419ce6a5,Jhonny,2025-04-03,12:41:07,-03:00,2025-04-03T12:41:07-03:00,0,0
src\lib\Pie.svelte,79,css,419ce6a5,Jhonny,2025-04-03,12:41:07,-03:00,2025-04-03T12:41:07-03:00,0,0
src\lib\Pie.svelte,80,css,419ce6a5,Jhonny,2025-04-03,12:41:07,-03:00,2025-04-03T12:41:07-03:00,0,10
src\lib\Pie.svelte,81,css,419ce6a5,Jhonny,2025-04-03,12:41:07,-03:00,2025-04-03T12:41:07-03:00,0,12
src\lib\Pie.svelte,82,css,419ce6a5,Jhonny,2025-04-03,12:41:07,-03:00,2025-04-03T12:41:07-03:00,0,19
src\lib\Pie.svelte,83,css,419ce6a5,Jhonny,2025-04-03,12:41:07,-03:00,2025-04-03T12:41:07-03:00,0,10
src\lib\Pie.svelte,84,css,419ce6a5,Jhonny,2025-04-03,12:41:07,-03:00,2025-04-03T12:41:07-03:00,0,0
src\lib\Pie.svelte,85,css,419ce6a5,Jhonny,2025-04-03,12:41:07,-03:00,2025-04-03T12:41:07-03:00,0,0
src\lib\Pie.svelte,86,css,419ce6a5,Jhonny,2025-04-03,12:41:07,-03:00,2025-04-03T12:41:07-03:00,0,7
src\lib\Pie.svelte,87,css,419ce6a5,Jhonny,2025-04-03,12:41:07,-03:00,2025-04-03T12:41:07-03:00,0,21
src\lib\Pie.svelte,88,css,419ce6a5,Jhonny,2025-04-03,12:41:07,-03:00,2025-04-03T12:41:07-03:00,0,30
src\lib\Pie.svelte,89,css,419ce6a5,Jhonny,2025-04-03,12:41:07,-03:00,2025-04-03T12:41:07-03:00,0,10
src\lib\Pie.svelte,90,css,419ce6a5,Jhonny,2025-04-03,12:41:07,-03:00,2025-04-03T12:41:07-03:00,0,11
src\lib\Pie.svelte,91,css,419ce6a5,Jhonny,2025-04-03,12:41:07,-03:00,2025-04-03T12:41:07-03:00,0,0
src\lib\Pie.svelte,92,css,419ce6a5,Jhonny,2025-04-03,12:41:07,-03:00,2025-04-03T12:41:07-03:00,0,0
src\lib\Pie.svelte,93,css,419ce6a5,Jhonny,2025-04-03,12:41:07,-03:00,2025-04-03T12:41:07-03:00,0,69
src\lib\Pie.svelte,94,css,419ce6a5,Jhonny,2025-04-03,12:41:07,-03:00,2025-04-03T12:41:07-03:00,0,39
src\lib\Pie.svelte,95,css,419ce6a5,Jhonny,2025-04-03,12:41:07,-03:00,2025-04-03T12:41:07-03:00,0,12
src\lib\Pie.svelte,96,css,419ce6a5,Jhonny,2025-04-03,12:41:07,-03:00,2025-04-03T12:41:07-03:00,0,0
src\lib\Pie.svelte,97,css,419ce6a5,Jhonny,2025-04-03,12:41:07,-03:00,2025-04-03T12:41:07-03:00,0,0
src\lib\Pie.svelte,98,css,419ce6a5,Jhonny,2025-04-03,12:41:07,-03:00,2025-04-03T12:41:07-03:00,0,10
src\lib\Pie.svelte,99,css,419ce6a5,Jhonny,2025-04-03,12:41:07,-03:00,2025-04-03T12:41:07-03:00,1,36
src\lib\Pie.svelte,100,css,419ce6a5,Jhonny,2025-04-03,12:41:07,-03:00,2025-04-03T12:41:07-03:00,1,0
src\lib\Pie.svelte,101,css,419ce6a5,Jhonny,2025-04-03,12:41:07,-03:00,2025-04-03T12:41:07-03:00,1,11
src\lib\Pie.svelte,102,css,419ce6a5,Jhonny,2025-04-03,12:41:07,-03:00,2025-04-03T12:41:07-03:00,2,29
src\lib\Pie.svelte,103,css,419ce6a5,Jhonny,2025-04-03,12:41:07,-03:00,2025-04-03T12:41:07-03:00,1,0
src\lib\Pie.svelte,104,css,419ce6a5,Jhonny,2025-04-03,12:41:07,-03:00,2025-04-03T12:41:07-03:00,1,0
src\lib\Pie.svelte,105,css,419ce6a5,Jhonny,2025-04-03,12:41:07,-03:00,2025-04-03T12:41:07-03:00,1,9
src\lib\Pie.svelte,106,css,419ce6a5,Jhonny,2025-04-03,12:41:07,-03:00,2025-04-03T12:41:07-03:00,2,19
src\lib\Pie.svelte,107,css,419ce6a5,Jhonny,2025-04-03,12:41:07,-03:00,2025-04-03T12:41:07-03:00,1,0
src\lib\Pie.svelte,108,css,419ce6a5,Jhonny,2025-04-03,12:41:07,-03:00,2025-04-03T12:41:07-03:00,0,0
src\lib\Pie.svelte,109,css,419ce6a5,Jhonny,2025-04-03,12:41:07,-03:00,2025-04-03T12:41:07-03:00,0,0
src\lib\Pie.svelte,110,css,419ce6a5,Jhonny,2025-04-03,12:41:07,-03:00,2025-04-03T12:41:07-03:00,0,36
src\lib\Pie.svelte,111,css,419ce6a5,Jhonny,2025-04-03,12:41:07,-03:00,2025-04-03T12:41:07-03:00,1,11
src\lib\Pie.svelte,112,css,419ce6a5,Jhonny,2025-04-03,12:41:07,-03:00,2025-04-03T12:41:07-03:00,0,0
src\lib\Pie.svelte,113,css,419ce6a5,Jhonny,2025-04-03,12:41:07,-03:00,2025-04-03T12:41:07-03:00,0,0
src\lib\Pie.svelte,114,css,419ce6a5,Jhonny,2025-04-03,12:41:07,-03:00,2025-04-03T12:41:07-03:00,0,11
src\lib\Pie.svelte,115,css,419ce6a5,Jhonny,2025-04-03,12:41:07,-03:00,2025-04-03T12:41:07-03:00,1,24
src\lib\Pie.svelte,116,css,419ce6a5,Jhonny,2025-04-03,12:41:07,-03:00,2025-04-03T12:41:07-03:00,0,0
src\lib\Pie.svelte,117,css,7e20b1a6,Jhonny,2025-04-03,12:53:56,-03:00,2025-04-03T12:53:56-03:00,0,5
src\lib\Pie.svelte,118,css,7e20b1a6,Jhonny,2025-04-03,12:53:56,-03:00,2025-04-03T12:53:56-03:00,0,8
src\lib\Pie.svelte,119,css,7e20b1a6,Jhonny,2025-04-03,12:53:56,-03:00,2025-04-03T12:53:56-03:00,0,15
src\lib\Pie.svelte,120,css,7e20b1a6,Jhonny,2025-04-03,12:53:56,-03:00,2025-04-03T12:53:56-03:00,0,0
src\lib\Pie.svelte,121,css,419ce6a5,Jhonny,2025-04-03,12:41:07,-03:00,2025-04-03T12:41:07-03:00,0,0
src\lib\Pie.svelte,122,svelte,419ce6a5,Jhonny,2025-04-03,12:41:07,-03:00,2025-04-03T12:41:07-03:00,0,7
